ahmed|123|ahmed bilal
faaiz khan|091|faaiz khan
ikram ul haq|ikram|ikram ul haq
izza164|164|izza eiman
obaid lul|123|lul obaid
ikram123|ikram|ikram ul haq
khalfan|123|khalfan123
